{
  "sample_size": {
    "total": 668,
    "td": 497,
    "sli": 171
  },
  "age_range": {
    "min": 5,
    "max": 11
  },
  "significant_findings": [
    {
      "metric": "Degree Centrality",
      "td_mean": 0.021938578569452978,
      "td_std": 0.008473122480936807,
      "td_median": 0.0205462769659011,
      "td_n": 497,
      "sli_mean": 0.03032094457615873,
      "sli_std": 0.01344524967134215,
      "sli_median": 0.0279316712834718,
      "sli_n": 171,
      "mean_difference": -0.008382366006705753,
      "t_statistic": -9.47325722680369,
      "t_p_value": 4.6391400659279384e-20,
      "u_statistic": 23475.0,
      "u_p_value": 2.392196747580938e-18,
      "cohen_d": -0.7459195468625806,
      "effect_size_interpretation": "Medium"
    },
    {
      "metric": "Network Density",
      "td_mean": 0.021938578569452978,
      "td_std": 0.008473122480936807,
      "td_median": 0.0205462769659011,
      "td_n": 497,
      "sli_mean": 0.03032094457615873,
      "sli_std": 0.013445249671342151,
      "sli_median": 0.0279316712834718,
      "sli_n": 171,
      "mean_difference": -0.008382366006705753,
      "t_statistic": -9.47325722680369,
      "t_p_value": 4.6391400659279384e-20,
      "u_statistic": 23475.0,
      "u_p_value": 2.392196747580938e-18,
      "cohen_d": -0.7459195468625806,
      "effect_size_interpretation": "Medium"
    },
    {
      "metric": "Clustering Coefficient",
      "td_mean": 0.42986573626713687,
      "td_std": 0.05517229019229445,
      "td_median": 0.4284852297728492,
      "td_n": 497,
      "sli_mean": 0.4592815369687763,
      "sli_std": 0.06300430099661296,
      "sli_median": 0.4516362257868343,
      "sli_n": 171,
      "mean_difference": -0.02941580070163946,
      "t_statistic": -5.793168549726315,
      "t_p_value": 1.0653971915898845e-08,
      "u_statistic": 31378.0,
      "u_p_value": 3.284369614523662e-07,
      "cohen_d": -0.49673818082740484,
      "effect_size_interpretation": "Small"
    },
    {
      "metric": "Average Path Length",
      "td_mean": 4.652158092134629,
      "td_std": 1.5851546725496886,
      "td_median": 4.826086956521739,
      "td_n": 497,
      "sli_mean": 4.002278160304628,
      "sli_std": 1.7394351586429564,
      "sli_median": 4.283452502553626,
      "sli_n": 171,
      "mean_difference": 0.649879931830001,
      "t_statistic": 4.5083739379452314,
      "t_p_value": 7.718080291532635e-06,
      "u_statistic": 53014.0,
      "u_p_value": 1.3448880450430652e-06,
      "cohen_d": 0.3905331684086943,
      "effect_size_interpretation": "Small"
    }
  ],
  "normality_tests": [
    {
      "metric": "Clustering Coefficient",
      "shapiro_td_stat": 0.9961865796632866,
      "shapiro_td_p": 0.2791117696351552,
      "shapiro_sli_stat": 0.983785317351287,
      "shapiro_sli_p": 0.04398045360977926,
      "td_normal": true,
      "sli_normal": false,
      "levene_stat": 4.070108400811712,
      "levene_p": 0.044049108052215034,
      "equal_variance": false
    },
    {
      "metric": "Average Path Length",
      "shapiro_td_stat": 0.9758495392618766,
      "shapiro_td_p": 2.5669874314262045e-07,
      "shapiro_sli_stat": 0.9565425830773215,
      "shapiro_sli_p": 3.802530112613111e-05,
      "td_normal": false,
      "sli_normal": false,
      "levene_stat": 1.6819496828543974,
      "levene_p": 0.19511470495874586,
      "equal_variance": true
    },
    {
      "metric": "Network Density",
      "shapiro_td_stat": 0.9041476761701,
      "shapiro_td_p": 3.906187340607207e-17,
      "shapiro_sli_stat": 0.8316964353362685,
      "shapiro_sli_p": 9.138729394439279e-13,
      "td_normal": false,
      "sli_normal": false,
      "levene_stat": 21.667602214708193,
      "levene_p": 3.913735648130203e-06,
      "equal_variance": false
    },
    {
      "metric": "Degree Centrality",
      "shapiro_td_stat": 0.9041476761701,
      "shapiro_td_p": 3.906187340607207e-17,
      "shapiro_sli_stat": 0.8316964353362696,
      "shapiro_sli_p": 9.138729394440206e-13,
      "td_normal": false,
      "sli_normal": false,
      "levene_stat": 21.667602214708218,
      "levene_p": 3.913735648129863e-06,
      "equal_variance": false
    },
    {
      "metric": "Transitivity",
      "shapiro_td_stat": 0.970003757747329,
      "shapiro_td_p": 1.4936996722408135e-08,
      "shapiro_sli_stat": 0.96783538764397,
      "shapiro_sli_p": 0.0005383643824442814,
      "td_normal": false,
      "sli_normal": false,
      "levene_stat": 0.020847118947638493,
      "levene_p": 0.8852398926075895,
      "equal_variance": true
    }
  ],
  "group_comparisons": [
    {
      "metric": "Clustering Coefficient",
      "td_mean": 0.42986573626713687,
      "td_std": 0.05517229019229445,
      "td_median": 0.4284852297728492,
      "td_n": 497,
      "sli_mean": 0.4592815369687763,
      "sli_std": 0.06300430099661296,
      "sli_median": 0.4516362257868343,
      "sli_n": 171,
      "mean_difference": -0.02941580070163946,
      "t_statistic": -5.793168549726315,
      "t_p_value": 1.0653971915898845e-08,
      "u_statistic": 31378.0,
      "u_p_value": 3.284369614523662e-07,
      "cohen_d": -0.49673818082740484,
      "effect_size_interpretation": "Small"
    },
    {
      "metric": "Average Path Length",
      "td_mean": 4.652158092134629,
      "td_std": 1.5851546725496886,
      "td_median": 4.826086956521739,
      "td_n": 497,
      "sli_mean": 4.002278160304628,
      "sli_std": 1.7394351586429564,
      "sli_median": 4.283452502553626,
      "sli_n": 171,
      "mean_difference": 0.649879931830001,
      "t_statistic": 4.5083739379452314,
      "t_p_value": 7.718080291532635e-06,
      "u_statistic": 53014.0,
      "u_p_value": 1.3448880450430652e-06,
      "cohen_d": 0.3905331684086943,
      "effect_size_interpretation": "Small"
    },
    {
      "metric": "Network Density",
      "td_mean": 0.021938578569452978,
      "td_std": 0.008473122480936807,
      "td_median": 0.0205462769659011,
      "td_n": 497,
      "sli_mean": 0.03032094457615873,
      "sli_std": 0.013445249671342151,
      "sli_median": 0.0279316712834718,
      "sli_n": 171,
      "mean_difference": -0.008382366006705753,
      "t_statistic": -9.47325722680369,
      "t_p_value": 4.6391400659279384e-20,
      "u_statistic": 23475.0,
      "u_p_value": 2.392196747580938e-18,
      "cohen_d": -0.7459195468625806,
      "effect_size_interpretation": "Medium"
    },
    {
      "metric": "Degree Centrality",
      "td_mean": 0.021938578569452978,
      "td_std": 0.008473122480936807,
      "td_median": 0.0205462769659011,
      "td_n": 497,
      "sli_mean": 0.03032094457615873,
      "sli_std": 0.01344524967134215,
      "sli_median": 0.0279316712834718,
      "sli_n": 171,
      "mean_difference": -0.008382366006705753,
      "t_statistic": -9.47325722680369,
      "t_p_value": 4.6391400659279384e-20,
      "u_statistic": 23475.0,
      "u_p_value": 2.392196747580938e-18,
      "cohen_d": -0.7459195468625806,
      "effect_size_interpretation": "Medium"
    },
    {
      "metric": "Transitivity",
      "td_mean": 0.8960901744975237,
      "td_std": 0.03708353824160399,
      "td_median": 0.9008971393105004,
      "td_n": 497,
      "sli_mean": 0.8933620753789648,
      "sli_std": 0.038167689151363614,
      "sli_median": 0.8964270523181624,
      "sli_n": 171,
      "mean_difference": 0.0027280991185588688,
      "t_statistic": 0.8235753863854026,
      "t_p_value": 0.4104756789823235,
      "u_statistic": 44587.0,
      "u_p_value": 0.33627717692298686,
      "cohen_d": 0.07249891142966006,
      "effect_size_interpretation": "Small"
    }
  ]
}