metric,shapiro_td_stat,shapiro_td_p,shapiro_sli_stat,shapiro_sli_p,td_normal,sli_normal,levene_stat,levene_p,equal_variance
Clustering Coefficient,0.9961865796632866,0.2791117696351552,0.983785317351287,0.04398045360977926,True,False,4.070108400811712,0.044049108052215034,False
Average Path Length,0.9758495392618766,2.5669874314262045e-07,0.9565425830773215,3.802530112613111e-05,False,False,1.6819496828543974,0.19511470495874586,True
Network Density,0.9041476761701,3.906187340607207e-17,0.8316964353362685,9.138729394439279e-13,False,False,21.667602214708193,3.913735648130203e-06,False
Degree Centrality,0.9041476761701,3.906187340607207e-17,0.8316964353362696,9.138729394440206e-13,False,False,21.667602214708218,3.913735648129863e-06,False
Transitivity,0.970003757747329,1.4936996722408135e-08,0.96783538764397,0.0005383643824442814,False,False,0.020847118947638493,0.8852398926075895,True
